Week_Start,Week_End,Year,Week_Number,Month,Store_Nbr,Product_Category,Weekly_Sales,Promo_Intensity,Promotion_Flag,Holiday_Event_Flag,Holiday_Event_Count,Holiday_Event_Description,Trading_Days
2013-01-07,2013-01-13,2013,2,Jan,44,Beverages,32366.0,0,0,1,1,Recupero puente primer dia del ano (Work Day),7
2013-01-07,2013-01-13,2013,2,Jan,44,Dairy,10532.0,0,0,1,1,Recupero puente primer dia del ano (Work Day),7
2013-01-07,2013-01-13,2013,2,Jan,44,Bread/Bakery,6939.98,0,0,1,1,Recupero puente primer dia del ano (Work Day),7
2013-01-14,2013-01-20,2013,3,Jan,44,Beverages,33326.0,0,0,0,0,,7
2013-01-14,2013-01-20,2013,3,Jan,44,Dairy,10624.0,0,0,0,0,,7
2013-01-14,2013-01-20,2013,3,Jan,44,Bread/Bakery,7403.3,0,0,0,0,,7
2013-01-21,2013-01-27,2013,4,Jan,44,Beverages,29202.0,0,0,0,0,,7
2013-01-21,2013-01-27,2013,4,Jan,44,Dairy,10153.0,0,0,0,0,,7
2013-01-21,2013-01-27,2013,4,Jan,44,Bread/Bakery,6803.2,0,0,0,0,,7
2013-01-28,2013-02-03,2013,5,Jan,44,Beverages,29521.0,0,0,0,0,,7
2013-01-28,2013-02-03,2013,5,Jan,44,Dairy,11200.0,0,0,0,0,,7
2013-01-28,2013-02-03,2013,5,Jan,44,Bread/Bakery,6999.05,0,0,0,0,,7
2013-02-04,2013-02-10,2013,6,Feb,44,Beverages,25464.0,0,0,0,0,,7
2013-02-04,2013-02-10,2013,6,Feb,44,Dairy,9802.0,0,0,0,0,,7
2013-02-04,2013-02-10,2013,6,Feb,44,Bread/Bakery,6038.45,0,0,0,0,,7
2013-02-11,2013-02-17,2013,7,Feb,44,Beverages,29285.0,0,0,1,2,Carnaval (Holiday),7
2013-02-11,2013-02-17,2013,7,Feb,44,Dairy,11442.0,0,0,1,2,Carnaval (Holiday),7
2013-02-11,2013-02-17,2013,7,Feb,44,Bread/Bakery,7147.44,0,0,1,2,Carnaval (Holiday),7
2013-02-18,2013-02-24,2013,8,Feb,44,Beverages,28402.0,0,0,0,0,,7
2013-02-18,2013-02-24,2013,8,Feb,44,Dairy,11018.0,0,0,0,0,,7
2013-02-18,2013-02-24,2013,8,Feb,44,Bread/Bakery,7280.99,0,0,0,0,,7
2013-02-25,2013-03-03,2013,9,Feb,44,Beverages,31534.0,0,0,0,0,,7
2013-02-25,2013-03-03,2013,9,Feb,44,Dairy,11751.0,0,0,0,0,,7
2013-02-25,2013-03-03,2013,9,Feb,44,Bread/Bakery,7438.96,0,0,0,0,,7
2013-03-04,2013-03-10,2013,10,Mar,44,Beverages,36386.0,0,0,0,0,,7
2013-03-04,2013-03-10,2013,10,Mar,44,Dairy,11744.0,0,0,0,0,,7
2013-03-04,2013-03-10,2013,10,Mar,44,Bread/Bakery,7581.75,0,0,0,0,,7
2013-03-11,2013-03-17,2013,11,Mar,44,Beverages,30053.0,0,0,0,0,,7
2013-03-11,2013-03-17,2013,11,Mar,44,Dairy,11815.0,0,0,0,0,,7
2013-03-11,2013-03-17,2013,11,Mar,44,Bread/Bakery,7721.85,0,0,0,0,,7
2013-03-18,2013-03-24,2013,12,Mar,44,Beverages,28077.0,0,0,0,0,,7
2013-03-18,2013-03-24,2013,12,Mar,44,Dairy,11851.0,0,0,0,0,,7
2013-03-18,2013-03-24,2013,12,Mar,44,Bread/Bakery,7084.79,0,0,0,0,,7
2013-03-25,2013-03-31,2013,13,Mar,44,Beverages,28045.0,0,0,0,0,,7
2013-03-25,2013-03-31,2013,13,Mar,44,Dairy,11949.0,0,0,0,0,,7
2013-03-25,2013-03-31,2013,13,Mar,44,Bread/Bakery,6601.11,0,0,0,0,,7
2013-04-01,2013-04-07,2013,14,Apr,44,Beverages,33520.0,0,0,0,0,,7
2013-04-01,2013-04-07,2013,14,Apr,44,Dairy,12951.0,0,0,0,0,,7
2013-04-01,2013-04-07,2013,14,Apr,44,Bread/Bakery,8260.19,0,0,0,0,,7
2013-04-08,2013-04-14,2013,15,Apr,44,Beverages,31100.0,0,0,0,0,,7
2013-04-08,2013-04-14,2013,15,Apr,44,Dairy,10957.0,0,0,0,0,,7
2013-04-08,2013-04-14,2013,15,Apr,44,Bread/Bakery,7051.02,0,0,0,0,,7
2013-04-15,2013-04-21,2013,16,Apr,44,Beverages,30775.0,0,0,0,0,,7
2013-04-15,2013-04-21,2013,16,Apr,44,Dairy,11452.0,0,0,0,0,,7
2013-04-15,2013-04-21,2013,16,Apr,44,Bread/Bakery,7830.36,0,0,0,0,,7
2013-04-22,2013-04-28,2013,17,Apr,44,Beverages,30329.0,0,0,0,0,,7
2013-04-22,2013-04-28,2013,17,Apr,44,Dairy,11266.0,0,0,0,0,,7
2013-04-22,2013-04-28,2013,17,Apr,44,Bread/Bakery,7238.57,0,0,0,0,,7
2013-04-29,2013-05-05,2013,18,Apr,44,Beverages,33108.0,0,0,1,2,Viernes Santo (Holiday); Dia del Trabajo (Holiday),7
2013-04-29,2013-05-05,2013,18,Apr,44,Dairy,12559.0,0,0,1,2,Viernes Santo (Holiday); Dia del Trabajo (Holiday),7
2013-04-29,2013-05-05,2013,18,Apr,44,Bread/Bakery,8004.74,0,0,1,2,Viernes Santo (Holiday); Dia del Trabajo (Holiday),7
2013-05-06,2013-05-12,2013,19,May,44,Beverages,28304.0,0,0,1,2,Dia de la Madre-1 (Additional); Dia de la Madre (Event),7
2013-05-06,2013-05-12,2013,19,May,44,Dairy,11930.0,0,0,1,2,Dia de la Madre-1 (Additional); Dia de la Madre (Event),7
2013-05-06,2013-05-12,2013,19,May,44,Bread/Bakery,6832.42,0,0,1,2,Dia de la Madre-1 (Additional); Dia de la Madre (Event),7
2013-05-13,2013-05-19,2013,20,May,44,Beverages,30386.0,0,0,0,0,,7
2013-05-13,2013-05-19,2013,20,May,44,Dairy,11624.0,0,0,0,0,,7
2013-05-13,2013-05-19,2013,20,May,44,Bread/Bakery,7256.59,0,0,0,0,,7
2013-05-20,2013-05-26,2013,21,May,44,Beverages,27804.0,0,0,1,1,Batalla de Pichincha (Holiday),7
2013-05-20,2013-05-26,2013,21,May,44,Dairy,10626.0,0,0,1,1,Batalla de Pichincha (Holiday),7
2013-05-20,2013-05-26,2013,21,May,44,Bread/Bakery,6881.74,0,0,1,1,Batalla de Pichincha (Holiday),7
2013-05-27,2013-06-02,2013,22,May,44,Beverages,29478.0,0,0,0,0,,7
2013-05-27,2013-06-02,2013,22,May,44,Dairy,11300.0,0,0,0,0,,7
2013-05-27,2013-06-02,2013,22,May,44,Bread/Bakery,7319.23,0,0,0,0,,7
2013-06-03,2013-06-09,2013,23,Jun,44,Beverages,31015.0,0,0,0,0,,7
2013-06-03,2013-06-09,2013,23,Jun,44,Dairy,12075.0,0,0,0,0,,7
2013-06-03,2013-06-09,2013,23,Jun,44,Bread/Bakery,7478.17,0,0,0,0,,7
2013-06-10,2013-06-16,2013,24,Jun,44,Beverages,28603.0,0,0,0,0,,7
2013-06-10,2013-06-16,2013,24,Jun,44,Dairy,11023.0,0,0,0,0,,7
2013-06-10,2013-06-16,2013,24,Jun,44,Bread/Bakery,6836.84,0,0,0,0,,7
2013-06-17,2013-06-23,2013,25,Jun,44,Beverages,29262.0,0,0,0,0,,7
2013-06-17,2013-06-23,2013,25,Jun,44,Dairy,11464.0,0,0,0,0,,7
2013-06-17,2013-06-23,2013,25,Jun,44,Bread/Bakery,7199.04,0,0,0,0,,7
2013-06-24,2013-06-30,2013,26,Jun,44,Beverages,27716.0,0,0,0,0,,7
2013-06-24,2013-06-30,2013,26,Jun,44,Dairy,10948.0,0,0,0,0,,7
2013-06-24,2013-06-30,2013,26,Jun,44,Bread/Bakery,6996.87,0,0,0,0,,7
2013-07-01,2013-07-07,2013,27,Jul,44,Beverages,28180.0,0,0,0,0,,7
2013-07-01,2013-07-07,2013,27,Jul,44,Dairy,12015.0,0,0,0,0,,7
2013-07-01,2013-07-07,2013,27,Jul,44,Bread/Bakery,6997.27,0,0,0,0,,7
2013-07-08,2013-07-14,2013,28,Jul,44,Beverages,26086.0,0,0,0,0,,7
2013-07-08,2013-07-14,2013,28,Jul,44,Dairy,10771.0,0,0,0,0,,7
2013-07-08,2013-07-14,2013,28,Jul,44,Bread/Bakery,6511.24,0,0,0,0,,7
2013-07-15,2013-07-21,2013,29,Jul,44,Beverages,26334.0,0,0,0,0,,7
2013-07-15,2013-07-21,2013,29,Jul,44,Dairy,11281.0,0,0,0,0,,7
2013-07-15,2013-07-21,2013,29,Jul,44,Bread/Bakery,6595.26,0,0,0,0,,7
2013-07-22,2013-07-28,2013,30,Jul,44,Beverages,26034.0,0,0,0,0,,7
2013-07-22,2013-07-28,2013,30,Jul,44,Dairy,10894.0,0,0,0,0,,7
2013-07-22,2013-07-28,2013,30,Jul,44,Bread/Bakery,6272.09,0,0,0,0,,7
2013-07-29,2013-08-04,2013,31,Jul,44,Beverages,28671.0,0,0,0,0,,7
2013-07-29,2013-08-04,2013,31,Jul,44,Dairy,11716.0,0,0,0,0,,7
2013-07-29,2013-08-04,2013,31,Jul,44,Bread/Bakery,6716.74,0,0,0,0,,7
2013-08-05,2013-08-11,2013,32,Aug,44,Beverages,27306.0,0,0,1,1,Primer Grito de Independencia (Holiday),7
2013-08-05,2013-08-11,2013,32,Aug,44,Dairy,10712.0,0,0,1,1,Primer Grito de Independencia (Holiday),7
2013-08-05,2013-08-11,2013,32,Aug,44,Bread/Bakery,6259.18,0,0,1,1,Primer Grito de Independencia (Holiday),7
2013-08-12,2013-08-18,2013,33,Aug,44,Beverages,26482.0,0,0,0,0,,7
2013-08-12,2013-08-18,2013,33,Aug,44,Dairy,11247.0,0,0,0,0,,7
2013-08-12,2013-08-18,2013,33,Aug,44,Bread/Bakery,6590.63,0,0,0,0,,7
2013-08-19,2013-08-25,2013,34,Aug,44,Beverages,25914.0,0,0,0,0,,7
2013-08-19,2013-08-25,2013,34,Aug,44,Dairy,11010.0,0,0,0,0,,7
2013-08-19,2013-08-25,2013,34,Aug,44,Bread/Bakery,6572.54,0,0,0,0,,7
2013-08-26,2013-09-01,2013,35,Aug,44,Beverages,31503.0,0,0,0,0,,7
2013-08-26,2013-09-01,2013,35,Aug,44,Dairy,12643.0,0,0,0,0,,7
2013-08-26,2013-09-01,2013,35,Aug,44,Bread/Bakery,7598.8,0,0,0,0,,7
2013-09-02,2013-09-08,2013,36,Sep,44,Beverages,33051.0,0,0,0,0,,7
2013-09-02,2013-09-08,2013,36,Sep,44,Dairy,12956.0,0,0,0,0,,7
2013-09-02,2013-09-08,2013,36,Sep,44,Bread/Bakery,8170.14,0,0,0,0,,7
2013-09-09,2013-09-15,2013,37,Sep,44,Beverages,30201.0,0,0,0,0,,7
2013-09-09,2013-09-15,2013,37,Sep,44,Dairy,12095.0,0,0,0,0,,7
2013-09-09,2013-09-15,2013,37,Sep,44,Bread/Bakery,7168.48,0,0,0,0,,7
2013-09-16,2013-09-22,2013,38,Sep,44,Beverages,29751.0,0,0,0,0,,7
2013-09-16,2013-09-22,2013,38,Sep,44,Dairy,11239.0,0,0,0,0,,7
2013-09-16,2013-09-22,2013,38,Sep,44,Bread/Bakery,7452.61,0,0,0,0,,7
2013-09-23,2013-09-29,2013,39,Sep,44,Beverages,30194.0,0,0,0,0,,7
2013-09-23,2013-09-29,2013,39,Sep,44,Dairy,11535.0,0,0,0,0,,7
2013-09-23,2013-09-29,2013,39,Sep,44,Bread/Bakery,8012.17,0,0,0,0,,7
2013-09-30,2013-10-06,2013,40,Sep,44,Beverages,33299.0,0,0,0,0,,7
2013-09-30,2013-10-06,2013,40,Sep,44,Dairy,13158.0,0,0,0,0,,7
2013-09-30,2013-10-06,2013,40,Sep,44,Bread/Bakery,8667.49,0,0,0,0,,7
2013-10-07,2013-10-13,2013,41,Oct,44,Beverages,26452.0,0,0,1,1,Traslado Independencia de Guayaquil (Transfer),7
2013-10-07,2013-10-13,2013,41,Oct,44,Dairy,10457.0,0,0,1,1,Traslado Independencia de Guayaquil (Transfer),7
2013-10-07,2013-10-13,2013,41,Oct,44,Bread/Bakery,6654.68,0,0,1,1,Traslado Independencia de Guayaquil (Transfer),7
2013-10-14,2013-10-20,2013,42,Oct,44,Beverages,29568.0,0,0,0,0,,7
2013-10-14,2013-10-20,2013,42,Oct,44,Dairy,12393.0,0,0,0,0,,7
2013-10-14,2013-10-20,2013,42,Oct,44,Bread/Bakery,8667.82,0,0,0,0,,7
2013-10-21,2013-10-27,2013,43,Oct,44,Beverages,27009.0,0,0,0,0,,7
2013-10-21,2013-10-27,2013,43,Oct,44,Dairy,11337.0,0,0,0,0,,7
2013-10-21,2013-10-27,2013,43,Oct,44,Bread/Bakery,7327.51,0,0,0,0,,7
2013-10-28,2013-11-03,2013,44,Oct,44,Beverages,28307.0,0,0,1,2,Dia de Difuntos (Holiday); Independencia de Cuenca (Holiday),7
2013-10-28,2013-11-03,2013,44,Oct,44,Dairy,11746.0,0,0,1,2,Dia de Difuntos (Holiday); Independencia de Cuenca (Holiday),7
2013-10-28,2013-11-03,2013,44,Oct,44,Bread/Bakery,7755.67,0,0,1,2,Dia de Difuntos (Holiday); Independencia de Cuenca (Holiday),7
2013-11-04,2013-11-10,2013,45,Nov,44,Beverages,30706.0,0,0,0,0,,7
2013-11-04,2013-11-10,2013,45,Nov,44,Dairy,15589.0,0,0,0,0,,7
2013-11-04,2013-11-10,2013,45,Nov,44,Bread/Bakery,7538.44,0,0,0,0,,7
2013-11-11,2013-11-17,2013,46,Nov,44,Beverages,32183.0,0,0,0,0,,7
2013-11-11,2013-11-17,2013,46,Nov,44,Dairy,16375.0,0,0,0,0,,7
2013-11-11,2013-11-17,2013,46,Nov,44,Bread/Bakery,7799.0,0,0,0,0,,7
2013-11-18,2013-11-24,2013,47,Nov,44,Beverages,28978.0,0,0,0,0,,7
2013-11-18,2013-11-24,2013,47,Nov,44,Dairy,15977.0,0,0,0,0,,7
2013-11-18,2013-11-24,2013,47,Nov,44,Bread/Bakery,8027.58,0,0,0,0,,7
2013-11-25,2013-12-01,2013,48,Nov,44,Beverages,30774.0,0,0,0,0,,7
2013-11-25,2013-12-01,2013,48,Nov,44,Dairy,17745.0,0,0,0,0,,7
2013-11-25,2013-12-01,2013,48,Nov,44,Bread/Bakery,8455.32,0,0,0,0,,7
2013-12-02,2013-12-08,2013,49,Dec,44,Beverages,32661.0,0,0,1,2,Fundacion de Quito-1 (Additional); Fundacion de Quito (Holiday),7
2013-12-02,2013-12-08,2013,49,Dec,44,Dairy,18785.0,0,0,1,2,Fundacion de Quito-1 (Additional); Fundacion de Quito (Holiday),7
2013-12-02,2013-12-08,2013,49,Dec,44,Bread/Bakery,8055.57,0,0,1,2,Fundacion de Quito-1 (Additional); Fundacion de Quito (Holiday),7
2013-12-09,2013-12-15,2013,50,Dec,44,Beverages,32320.0,0,0,0,0,,7
2013-12-09,2013-12-15,2013,50,Dec,44,Dairy,18215.0,0,0,0,0,,7
2013-12-09,2013-12-15,2013,50,Dec,44,Bread/Bakery,7975.94,0,0,0,0,,7
2013-12-16,2013-12-22,2013,51,Dec,44,Beverages,32339.0,0,0,1,2,Navidad-4 (Additional); Navidad-3 (Additional),7
2013-12-16,2013-12-22,2013,51,Dec,44,Dairy,20702.0,0,0,1,2,Navidad-4 (Additional); Navidad-3 (Additional),7
2013-12-16,2013-12-22,2013,51,Dec,44,Bread/Bakery,7181.37,0,0,1,2,Navidad-4 (Additional); Navidad-3 (Additional),7
2013-12-23,2013-12-29,2013,52,Dec,44,Beverages,26121.0,0,0,1,4,Navidad-2 (Additional); Navidad-1 (Additional); Navidad (Holiday); Navidad+1 (Additional),6
2013-12-23,2013-12-29,2013,52,Dec,44,Dairy,15081.0,0,0,1,4,Navidad-2 (Additional); Navidad-1 (Additional); Navidad (Holiday); Navidad+1 (Additional),6
2013-12-23,2013-12-29,2013,52,Dec,44,Bread/Bakery,5323.17,0,0,1,4,Navidad-2 (Additional); Navidad-1 (Additional); Navidad (Holiday); Navidad+1 (Additional),6
2013-12-30,2014-01-05,2014,1,Dec,44,Beverages,59875.0,0,0,1,2,Primer dia del ano-1 (Additional); Primer dia del ano (Holiday),7
2013-12-30,2014-01-05,2014,1,Dec,44,Dairy,20039.0,0,0,1,2,Primer dia del ano-1 (Additional); Primer dia del ano (Holiday),7
2013-12-30,2014-01-05,2014,1,Dec,44,Bread/Bakery,8483.32,0,0,1,2,Primer dia del ano-1 (Additional); Primer dia del ano (Holiday),7
2014-01-06,2014-01-12,2014,2,Jan,44,Beverages,63527.0,0,0,0,0,,7
2014-01-06,2014-01-12,2014,2,Jan,44,Dairy,19263.0,0,0,0,0,,7
2014-01-06,2014-01-12,2014,2,Jan,44,Bread/Bakery,8513.53,0,0,0,0,,7
2014-01-13,2014-01-19,2014,3,Jan,44,Beverages,61667.0,0,0,0,0,,7
2014-01-13,2014-01-19,2014,3,Jan,44,Dairy,18515.0,0,0,0,0,,7
2014-01-13,2014-01-19,2014,3,Jan,44,Bread/Bakery,8052.35,0,0,0,0,,7
2014-01-20,2014-01-26,2014,4,Jan,44,Beverages,57898.0,0,0,0,0,,7
2014-01-20,2014-01-26,2014,4,Jan,44,Dairy,17738.0,0,0,0,0,,7
2014-01-20,2014-01-26,2014,4,Jan,44,Bread/Bakery,8018.17,0,0,0,0,,7
2014-01-27,2014-02-02,2014,5,Jan,44,Beverages,46083.0,0,0,0,0,,7
2014-01-27,2014-02-02,2014,5,Jan,44,Dairy,17802.0,0,0,0,0,,7
2014-01-27,2014-02-02,2014,5,Jan,44,Bread/Bakery,7967.25,0,0,0,0,,7
2014-02-03,2014-02-09,2014,6,Feb,44,Beverages,30317.0,0,0,0,0,,7
2014-02-03,2014-02-09,2014,6,Feb,44,Dairy,17659.0,0,0,0,0,,7
2014-02-03,2014-02-09,2014,6,Feb,44,Bread/Bakery,7354.95,0,0,0,0,,7
2014-02-10,2014-02-16,2014,7,Feb,44,Beverages,32010.0,0,0,0,0,,7
2014-02-10,2014-02-16,2014,7,Feb,44,Dairy,17538.0,0,0,0,0,,7
2014-02-10,2014-02-16,2014,7,Feb,44,Bread/Bakery,7723.83,0,0,0,0,,7
2014-02-17,2014-02-23,2014,8,Feb,44,Beverages,33738.0,0,0,0,0,,7
2014-02-17,2014-02-23,2014,8,Feb,44,Dairy,17051.0,0,0,0,0,,7
2014-02-17,2014-02-23,2014,8,Feb,44,Bread/Bakery,7382.52,0,0,0,0,,7
2014-02-24,2014-03-02,2014,9,Feb,44,Beverages,41225.0,0,0,0,0,,7
2014-02-24,2014-03-02,2014,9,Feb,44,Dairy,16219.0,0,0,0,0,,7
2014-02-24,2014-03-02,2014,9,Feb,44,Bread/Bakery,7228.49,0,0,0,0,,7
2014-03-03,2014-03-09,2014,10,Mar,44,Beverages,70925.0,0,0,1,2,Carnaval (Holiday),7
2014-03-03,2014-03-09,2014,10,Mar,44,Dairy,20180.0,0,0,1,2,Carnaval (Holiday),7
2014-03-03,2014-03-09,2014,10,Mar,44,Bread/Bakery,9505.31,0,0,1,2,Carnaval (Holiday),7
2014-03-10,2014-03-16,2014,11,Mar,44,Beverages,65230.0,0,0,0,0,,7
2014-03-10,2014-03-16,2014,11,Mar,44,Dairy,18458.0,0,0,0,0,,7
2014-03-10,2014-03-16,2014,11,Mar,44,Bread/Bakery,8725.89,0,0,0,0,,7
2014-03-17,2014-03-23,2014,12,Mar,44,Beverages,64496.0,0,0,0,0,,7
2014-03-17,2014-03-23,2014,12,Mar,44,Dairy,18056.0,0,0,0,0,,7
2014-03-17,2014-03-23,2014,12,Mar,44,Bread/Bakery,8133.47,0,0,0,0,,7
2014-03-24,2014-03-30,2014,13,Mar,44,Beverages,64272.0,0,0,0,0,,7
2014-03-24,2014-03-30,2014,13,Mar,44,Dairy,18169.0,0,0,0,0,,7
2014-03-24,2014-03-30,2014,13,Mar,44,Bread/Bakery,8222.08,0,0,0,0,,7
2014-03-31,2014-04-06,2014,14,Mar,44,Beverages,45632.0,0,0,0,0,,7
2014-03-31,2014-04-06,2014,14,Mar,44,Dairy,20264.0,0,0,0,0,,7
2014-03-31,2014-04-06,2014,14,Mar,44,Bread/Bakery,8781.88,0,0,0,0,,7
2014-04-07,2014-04-13,2014,15,Apr,44,Beverages,38421.0,0,0,0,0,,7
2014-04-07,2014-04-13,2014,15,Apr,44,Dairy,18737.0,0,0,0,0,,7
2014-04-07,2014-04-13,2014,15,Apr,44,Bread/Bakery,7797.56,0,0,0,0,,7
2014-04-14,2014-04-20,2014,16,Apr,44,Beverages,38948.0,0,0,1,1,Viernes Santo (Holiday),7
2014-04-14,2014-04-20,2014,16,Apr,44,Dairy,19152.0,0,0,1,1,Viernes Santo (Holiday),7
2014-04-14,2014-04-20,2014,16,Apr,44,Bread/Bakery,7438.33,0,0,1,1,Viernes Santo (Holiday),7
2014-04-21,2014-04-27,2014,17,Apr,44,Beverages,35512.0,0,0,0,0,,7
2014-04-21,2014-04-27,2014,17,Apr,44,Dairy,18414.0,0,0,0,0,,7
2014-04-21,2014-04-27,2014,17,Apr,44,Bread/Bakery,7739.35,0,0,0,0,,7
2014-04-28,2014-05-04,2014,18,Apr,44,Beverages,38698.0,0,0,1,1,Dia del Trabajo (Holiday),7
2014-04-28,2014-05-04,2014,18,Apr,44,Dairy,19627.0,0,0,1,1,Dia del Trabajo (Holiday),7
2014-04-28,2014-05-04,2014,18,Apr,44,Bread/Bakery,8268.56,0,0,1,1,Dia del Trabajo (Holiday),7
2014-05-05,2014-05-11,2014,19,May,44,Beverages,32563.0,0,0,1,2,Dia de la Madre-1 (Additional); Dia de la Madre (Event),7
2014-05-05,2014-05-11,2014,19,May,44,Dairy,18343.0,0,0,1,2,Dia de la Madre-1 (Additional); Dia de la Madre (Event),7
2014-05-05,2014-05-11,2014,19,May,44,Bread/Bakery,7218.59,0,0,1,2,Dia de la Madre-1 (Additional); Dia de la Madre (Event),7
2014-05-12,2014-05-18,2014,20,May,44,Beverages,32609.0,0,0,0,0,,7
2014-05-12,2014-05-18,2014,20,May,44,Dairy,18685.0,0,0,0,0,,7
2014-05-12,2014-05-18,2014,20,May,44,Bread/Bakery,8494.09,0,0,0,0,,7
2014-05-19,2014-05-25,2014,21,May,44,Beverages,31650.0,0,0,1,1,Batalla de Pichincha (Holiday),7
2014-05-19,2014-05-25,2014,21,May,44,Dairy,17528.0,0,0,1,1,Batalla de Pichincha (Holiday),7
2014-05-19,2014-05-25,2014,21,May,44,Bread/Bakery,7993.24,0,0,1,1,Batalla de Pichincha (Holiday),7
2014-05-26,2014-06-01,2014,22,May,44,Beverages,35400.0,0,0,0,0,,7
2014-05-26,2014-06-01,2014,22,May,44,Dairy,18628.0,0,0,0,0,,7
2014-05-26,2014-06-01,2014,22,May,44,Bread/Bakery,8639.76,0,0,0,0,,7
2014-06-02,2014-06-08,2014,23,Jun,44,Beverages,35002.0,0,0,0,0,,7
2014-06-02,2014-06-08,2014,23,Jun,44,Dairy,19138.0,0,0,0,0,,7
2014-06-02,2014-06-08,2014,23,Jun,44,Bread/Bakery,8822.26,0,0,0,0,,7
2014-06-09,2014-06-15,2014,24,Jun,44,Beverages,33546.0,0,0,1,2,Inauguracion Mundial de futbol Brasil (Event); Mundial de futbol Brasil: Ecuador-Suiza (Event),7
2014-06-09,2014-06-15,2014,24,Jun,44,Dairy,17394.0,0,0,1,2,Inauguracion Mundial de futbol Brasil (Event); Mundial de futbol Brasil: Ecuador-Suiza (Event),7
2014-06-09,2014-06-15,2014,24,Jun,44,Bread/Bakery,8175.09,0,0,1,2,Inauguracion Mundial de futbol Brasil (Event); Mundial de futbol Brasil: Ecuador-Suiza (Event),7
2014-06-16,2014-06-22,2014,25,Jun,44,Beverages,36097.0,0,0,1,1,Mundial de futbol Brasil: Ecuador-Honduras (Event),7
2014-06-16,2014-06-22,2014,25,Jun,44,Dairy,17808.0,0,0,1,1,Mundial de futbol Brasil: Ecuador-Honduras (Event),7
2014-06-16,2014-06-22,2014,25,Jun,44,Bread/Bakery,8222.75,0,0,1,1,Mundial de futbol Brasil: Ecuador-Honduras (Event),7
2014-06-23,2014-06-29,2014,26,Jun,44,Beverages,33051.0,0,0,1,3,Mundial de futbol Brasil: Ecuador-Francia (Event); Mundial de futbol Brasil: Octavos de Final (Event),7
2014-06-23,2014-06-29,2014,26,Jun,44,Dairy,16495.0,0,0,1,3,Mundial de futbol Brasil: Ecuador-Francia (Event); Mundial de futbol Brasil: Octavos de Final (Event),7
2014-06-23,2014-06-29,2014,26,Jun,44,Bread/Bakery,8005.47,0,0,1,3,Mundial de futbol Brasil: Ecuador-Francia (Event); Mundial de futbol Brasil: Octavos de Final (Event),7
2014-06-30,2014-07-06,2014,27,Jun,44,Beverages,64337.0,10,1,1,4,Mundial de futbol Brasil: Octavos de Final (Event); Mundial de futbol Brasil: Cuartos de Final (Event),7
2014-06-30,2014-07-06,2014,27,Jun,44,Dairy,18755.0,10,1,1,4,Mundial de futbol Brasil: Octavos de Final (Event); Mundial de futbol Brasil: Cuartos de Final (Event),7
2014-06-30,2014-07-06,2014,27,Jun,44,Bread/Bakery,8740.04,2,1,1,4,Mundial de futbol Brasil: Octavos de Final (Event); Mundial de futbol Brasil: Cuartos de Final (Event),7
2014-07-07,2014-07-13,2014,28,Jul,44,Beverages,60121.0,1,1,1,4,Mundial de futbol Brasil: Semifinales (Event); Mundial de futbol Brasil: Tercer y cuarto lugar (Event); Mundial de futbol Brasil: Final (Event),7
2014-07-07,2014-07-13,2014,28,Jul,44,Dairy,17179.0,6,1,1,4,Mundial de futbol Brasil: Semifinales (Event); Mundial de futbol Brasil: Tercer y cuarto lugar (Event); Mundial de futbol Brasil: Final (Event),7
2014-07-07,2014-07-13,2014,28,Jul,44,Bread/Bakery,7939.33,1,1,1,4,Mundial de futbol Brasil: Semifinales (Event); Mundial de futbol Brasil: Tercer y cuarto lugar (Event); Mundial de futbol Brasil: Final (Event),7
2014-07-14,2014-07-20,2014,29,Jul,44,Beverages,62503.0,6,1,0,0,,7
2014-07-14,2014-07-20,2014,29,Jul,44,Dairy,17363.0,10,1,0,0,,7
2014-07-14,2014-07-20,2014,29,Jul,44,Bread/Bakery,9247.15,0,0,0,0,,7
2014-07-21,2014-07-27,2014,30,Jul,44,Beverages,61676.0,6,1,0,0,,7
2014-07-21,2014-07-27,2014,30,Jul,44,Dairy,16095.0,9,1,0,0,,7
2014-07-21,2014-07-27,2014,30,Jul,44,Bread/Bakery,8787.66,1,1,0,0,,7
2014-07-28,2014-08-03,2014,31,Jul,44,Beverages,48078.0,1,1,0,0,,7
2014-07-28,2014-08-03,2014,31,Jul,44,Dairy,17494.0,10,1,0,0,,7
2014-07-28,2014-08-03,2014,31,Jul,44,Bread/Bakery,9114.27,3,1,0,0,,7
2014-08-04,2014-08-10,2014,32,Aug,44,Beverages,34988.0,4,1,1,1,Primer Grito de Independencia (Holiday),7
2014-08-04,2014-08-10,2014,32,Aug,44,Dairy,16461.0,3,1,1,1,Primer Grito de Independencia (Holiday),7
2014-08-04,2014-08-10,2014,32,Aug,44,Bread/Bakery,8943.74,5,1,1,1,Primer Grito de Independencia (Holiday),7
2014-08-11,2014-08-17,2014,33,Aug,44,Beverages,38632.0,20,1,0,0,,7
2014-08-11,2014-08-17,2014,33,Aug,44,Dairy,18682.0,5,1,0,0,,7
2014-08-11,2014-08-17,2014,33,Aug,44,Bread/Bakery,10120.83,6,1,0,0,,7
2014-08-18,2014-08-24,2014,34,Aug,44,Beverages,37365.0,20,1,0,0,,7
2014-08-18,2014-08-24,2014,34,Aug,44,Dairy,18930.0,12,1,0,0,,7
2014-08-18,2014-08-24,2014,34,Aug,44,Bread/Bakery,10275.92,5,1,0,0,,7
2014-08-25,2014-08-31,2014,35,Aug,44,Beverages,40831.0,9,1,0,0,,7
2014-08-25,2014-08-31,2014,35,Aug,44,Dairy,20009.0,25,1,0,0,,7
2014-08-25,2014-08-31,2014,35,Aug,44,Bread/Bakery,11451.14,9,1,0,0,,7
2014-09-01,2014-09-07,2014,36,Sep,44,Beverages,84270.0,6,1,0,0,,7
2014-09-01,2014-09-07,2014,36,Sep,44,Dairy,23648.0,25,1,0,0,,7
2014-09-01,2014-09-07,2014,36,Sep,44,Bread/Bakery,12565.7,9,1,0,0,,7
2014-09-08,2014-09-14,2014,37,Sep,44,Beverages,73832.0,16,1,0,0,,7
2014-09-08,2014-09-14,2014,37,Sep,44,Dairy,21219.0,31,1,0,0,,7
2014-09-08,2014-09-14,2014,37,Sep,44,Bread/Bakery,12074.77,11,1,0,0,,7
2014-09-15,2014-09-21,2014,38,Sep,44,Beverages,72730.0,11,1,0,0,,7
2014-09-15,2014-09-21,2014,38,Sep,44,Dairy,21246.0,37,1,0,0,,7
2014-09-15,2014-09-21,2014,38,Sep,44,Bread/Bakery,11708.25,1,1,0,0,,7
2014-09-22,2014-09-28,2014,39,Sep,44,Beverages,71411.0,25,1,0,0,,7
2014-09-22,2014-09-28,2014,39,Sep,44,Dairy,20634.0,37,1,0,0,,7
2014-09-22,2014-09-28,2014,39,Sep,44,Bread/Bakery,12017.7,8,1,0,0,,7
2014-09-29,2014-10-05,2014,40,Sep,44,Beverages,81082.0,20,1,0,0,,7
2014-09-29,2014-10-05,2014,40,Sep,44,Dairy,23194.0,27,1,0,0,,7
2014-09-29,2014-10-05,2014,40,Sep,44,Bread/Bakery,13338.47,14,1,0,0,,7
2014-10-06,2014-10-12,2014,41,Oct,44,Beverages,69050.0,19,1,1,1,Traslado Independencia de Guayaquil (Transfer),7
2014-10-06,2014-10-12,2014,41,Oct,44,Dairy,20009.0,18,1,1,1,Traslado Independencia de Guayaquil (Transfer),7
2014-10-06,2014-10-12,2014,41,Oct,44,Bread/Bakery,11282.72,4,1,1,1,Traslado Independencia de Guayaquil (Transfer),7
2014-10-13,2014-10-19,2014,42,Oct,44,Beverages,72339.0,15,1,0,0,,7
2014-10-13,2014-10-19,2014,42,Oct,44,Dairy,21278.0,7,1,0,0,,7
2014-10-13,2014-10-19,2014,42,Oct,44,Bread/Bakery,10991.76,1,1,0,0,,7
2014-10-20,2014-10-26,2014,43,Oct,44,Beverages,63254.0,9,1,0,0,,7
2014-10-20,2014-10-26,2014,43,Oct,44,Dairy,19105.0,7,1,0,0,,7
2014-10-20,2014-10-26,2014,43,Oct,44,Bread/Bakery,10236.03,6,1,0,0,,7
2014-10-27,2014-11-02,2014,44,Oct,44,Beverages,54220.0,8,1,1,1,Dia de Difuntos (Holiday),7
2014-10-27,2014-11-02,2014,44,Oct,44,Dairy,16376.0,11,1,1,1,Dia de Difuntos (Holiday),7
2014-10-27,2014-11-02,2014,44,Oct,44,Bread/Bakery,8263.0,1,1,1,1,Dia de Difuntos (Holiday),7
2014-11-03,2014-11-09,2014,45,Nov,44,Beverages,73172.0,7,1,1,1,Independencia de Cuenca (Holiday),7
2014-11-03,2014-11-09,2014,45,Nov,44,Dairy,20560.0,3,1,1,1,Independencia de Cuenca (Holiday),7
2014-11-03,2014-11-09,2014,45,Nov,44,Bread/Bakery,10915.66,0,0,1,1,Independencia de Cuenca (Holiday),7
2014-11-10,2014-11-16,2014,46,Nov,44,Beverages,62252.0,7,1,0,0,,7
2014-11-10,2014-11-16,2014,46,Nov,44,Dairy,17859.0,4,1,0,0,,7
2014-11-10,2014-11-16,2014,46,Nov,44,Bread/Bakery,9616.87,3,1,0,0,,7
2014-11-17,2014-11-23,2014,47,Nov,44,Beverages,63041.0,21,1,0,0,,7
2014-11-17,2014-11-23,2014,47,Nov,44,Dairy,18498.0,1,1,0,0,,7
2014-11-17,2014-11-23,2014,47,Nov,44,Bread/Bakery,9505.47,2,1,0,0,,7
2014-11-24,2014-11-30,2014,48,Nov,44,Beverages,64571.0,21,1,1,1,Black Friday (Event),7
2014-11-24,2014-11-30,2014,48,Nov,44,Dairy,18427.0,3,1,1,1,Black Friday (Event),7
2014-11-24,2014-11-30,2014,48,Nov,44,Bread/Bakery,10096.36,4,1,1,1,Black Friday (Event),7
2014-12-01,2014-12-07,2014,49,Dec,44,Beverages,71309.0,24,1,1,3,Cyber Monday (Event); Fundacion de Quito-1 (Additional); Fundacion de Quito (Holiday),7
2014-12-01,2014-12-07,2014,49,Dec,44,Dairy,19485.0,10,1,1,3,Cyber Monday (Event); Fundacion de Quito-1 (Additional); Fundacion de Quito (Holiday),7
2014-12-01,2014-12-07,2014,49,Dec,44,Bread/Bakery,10150.9,3,1,1,3,Cyber Monday (Event); Fundacion de Quito-1 (Additional); Fundacion de Quito (Holiday),7
2014-12-08,2014-12-14,2014,50,Dec,44,Beverages,67740.0,33,1,0,0,,7
2014-12-08,2014-12-14,2014,50,Dec,44,Dairy,19753.0,7,1,0,0,,7
2014-12-08,2014-12-14,2014,50,Dec,44,Bread/Bakery,10416.6,2,1,0,0,,7
2014-12-15,2014-12-21,2014,51,Dec,44,Beverages,69466.0,33,1,1,2,Recupero Puente Navidad (Work Day); Navidad-4 (Additional),7
2014-12-15,2014-12-21,2014,51,Dec,44,Dairy,20760.0,11,1,1,2,Recupero Puente Navidad (Work Day); Navidad-4 (Additional),7
2014-12-15,2014-12-21,2014,51,Dec,44,Bread/Bakery,9764.17,4,1,1,2,Recupero Puente Navidad (Work Day); Navidad-4 (Additional),7
2014-12-22,2014-12-28,2014,52,Dec,44,Beverages,56008.0,43,1,1,6,Navidad-3 (Additional); Navidad-2 (Additional); Navidad-1 (Additional); Navidad (Holiday); Puente Navidad (Bridge); Navidad+1 (Additional),6
2014-12-22,2014-12-28,2014,52,Dec,44,Dairy,16437.0,22,1,1,6,Navidad-3 (Additional); Navidad-2 (Additional); Navidad-1 (Additional); Navidad (Holiday); Puente Navidad (Bridge); Navidad+1 (Additional),6
2014-12-22,2014-12-28,2014,52,Dec,44,Bread/Bakery,6891.46,5,1,1,6,Navidad-3 (Additional); Navidad-2 (Additional); Navidad-1 (Additional); Navidad (Holiday); Puente Navidad (Bridge); Navidad+1 (Additional),6
2014-12-29,2015-01-04,2015,1,Dec,44,Beverages,46320.0,36,1,1,3,Primer dia del ano-1 (Additional); Primer dia del ano (Holiday); Puente Primer dia del ano (Bridge),7
2014-12-29,2015-01-04,2015,1,Dec,44,Dairy,17481.0,11,1,1,3,Primer dia del ano-1 (Additional); Primer dia del ano (Holiday); Puente Primer dia del ano (Bridge),7
2014-12-29,2015-01-04,2015,1,Dec,44,Bread/Bakery,8665.83,9,1,1,3,Primer dia del ano-1 (Additional); Primer dia del ano (Holiday); Puente Primer dia del ano (Bridge),7
2015-01-05,2015-01-11,2015,2,Jan,44,Beverages,41079.0,19,1,1,1,Recupero Puente Primer dia del ano (Work Day),7
2015-01-05,2015-01-11,2015,2,Jan,44,Dairy,19261.0,23,1,1,1,Recupero Puente Primer dia del ano (Work Day),7
2015-01-05,2015-01-11,2015,2,Jan,44,Bread/Bakery,10571.65,19,1,1,1,Recupero Puente Primer dia del ano (Work Day),7
2015-01-12,2015-01-18,2015,3,Jan,44,Beverages,37587.0,15,1,0,0,,7
2015-01-12,2015-01-18,2015,3,Jan,44,Dairy,17300.0,18,1,0,0,,7
2015-01-12,2015-01-18,2015,3,Jan,44,Bread/Bakery,10385.15,18,1,0,0,,7
2015-01-19,2015-01-25,2015,4,Jan,44,Beverages,36099.0,9,1,0,0,,7
2015-01-19,2015-01-25,2015,4,Jan,44,Dairy,17717.0,10,1,0,0,,7
2015-01-19,2015-01-25,2015,4,Jan,44,Bread/Bakery,9894.92,11,1,0,0,,7
2015-01-26,2015-02-01,2015,5,Jan,44,Beverages,33590.0,10,1,0,0,,7
2015-01-26,2015-02-01,2015,5,Jan,44,Dairy,18221.0,11,1,0,0,,7
2015-01-26,2015-02-01,2015,5,Jan,44,Bread/Bakery,9810.78,10,1,0,0,,7
2015-02-02,2015-02-08,2015,6,Feb,44,Beverages,34412.0,11,1,0,0,,7
2015-02-02,2015-02-08,2015,6,Feb,44,Dairy,17285.0,16,1,0,0,,7
2015-02-02,2015-02-08,2015,6,Feb,44,Bread/Bakery,8747.03,0,0,0,0,,7
2015-02-09,2015-02-15,2015,7,Feb,44,Beverages,27948.0,11,1,0,0,,7
2015-02-09,2015-02-15,2015,7,Feb,44,Dairy,14519.0,24,1,0,0,,7
2015-02-09,2015-02-15,2015,7,Feb,44,Bread/Bakery,7829.93,6,1,0,0,,7
2015-02-16,2015-02-22,2015,8,Feb,44,Beverages,36954.0,7,1,1,2,Carnaval (Holiday),7
2015-02-16,2015-02-22,2015,8,Feb,44,Dairy,18493.0,14,1,1,2,Carnaval (Holiday),7
2015-02-16,2015-02-22,2015,8,Feb,44,Bread/Bakery,9816.07,6,1,1,2,Carnaval (Holiday),7
2015-02-23,2015-03-01,2015,9,Feb,44,Beverages,35966.0,5,1,0,0,,7
2015-02-23,2015-03-01,2015,9,Feb,44,Dairy,17867.0,10,1,0,0,,7
2015-02-23,2015-03-01,2015,9,Feb,44,Bread/Bakery,9679.12,3,1,0,0,,7
2015-03-02,2015-03-08,2015,10,Mar,44,Beverages,38770.0,2,1,0,0,,7
2015-03-02,2015-03-08,2015,10,Mar,44,Dairy,19415.0,12,1,0,0,,7
2015-03-02,2015-03-08,2015,10,Mar,44,Bread/Bakery,9550.89,9,1,0,0,,7
2015-03-09,2015-03-15,2015,11,Mar,44,Beverages,38898.0,0,0,0,0,,7
2015-03-09,2015-03-15,2015,11,Mar,44,Dairy,19220.0,11,1,0,0,,7
2015-03-09,2015-03-15,2015,11,Mar,44,Bread/Bakery,9858.6,6,1,0,0,,7
2015-03-16,2015-03-22,2015,12,Mar,44,Beverages,34670.0,1,1,0,0,,7
2015-03-16,2015-03-22,2015,12,Mar,44,Dairy,19325.0,7,1,0,0,,7
2015-03-16,2015-03-22,2015,12,Mar,44,Bread/Bakery,10000.7,2,1,0,0,,7
2015-03-23,2015-03-29,2015,13,Mar,44,Beverages,33469.0,4,1,0,0,,7
2015-03-23,2015-03-29,2015,13,Mar,44,Dairy,18350.0,8,1,0,0,,7
2015-03-23,2015-03-29,2015,13,Mar,44,Bread/Bakery,9493.71,3,1,0,0,,7
2015-03-30,2015-04-05,2015,14,Mar,44,Beverages,36237.0,9,1,1,1,Viernes Santo (Holiday),7
2015-03-30,2015-04-05,2015,14,Mar,44,Dairy,20136.0,15,1,1,1,Viernes Santo (Holiday),7
2015-03-30,2015-04-05,2015,14,Mar,44,Bread/Bakery,9579.56,3,1,1,1,Viernes Santo (Holiday),7
2015-04-06,2015-04-12,2015,15,Apr,44,Beverages,41351.0,7,1,0,0,,7
2015-04-06,2015-04-12,2015,15,Apr,44,Dairy,18316.0,15,1,0,0,,7
2015-04-06,2015-04-12,2015,15,Apr,44,Bread/Bakery,9309.09,2,1,0,0,,7
2015-04-13,2015-04-19,2015,16,Apr,44,Beverages,35605.0,14,1,0,0,,7
2015-04-13,2015-04-19,2015,16,Apr,44,Dairy,18399.0,9,1,0,0,,7
2015-04-13,2015-04-19,2015,16,Apr,44,Bread/Bakery,9540.43,5,1,0,0,,7
2015-04-20,2015-04-26,2015,17,Apr,44,Beverages,38069.0,19,1,0,0,,7
2015-04-20,2015-04-26,2015,17,Apr,44,Dairy,18025.0,9,1,0,0,,7
2015-04-20,2015-04-26,2015,17,Apr,44,Bread/Bakery,9318.06,17,1,0,0,,7
2015-04-27,2015-05-03,2015,18,Apr,44,Beverages,41628.0,11,1,1,1,Dia del Trabajo (Holiday),7
2015-04-27,2015-05-03,2015,18,Apr,44,Dairy,18736.0,9,1,1,1,Dia del Trabajo (Holiday),7
2015-04-27,2015-05-03,2015,18,Apr,44,Bread/Bakery,9492.62,24,1,1,1,Dia del Trabajo (Holiday),7
2015-05-04,2015-05-10,2015,19,May,44,Beverages,40715.0,21,1,1,2,Dia de la Madre-1 (Additional); Dia de la Madre (Event),7
2015-05-04,2015-05-10,2015,19,May,44,Dairy,18652.0,15,1,1,2,Dia de la Madre-1 (Additional); Dia de la Madre (Event),7
2015-05-04,2015-05-10,2015,19,May,44,Bread/Bakery,9337.47,24,1,1,2,Dia de la Madre-1 (Additional); Dia de la Madre (Event),7
2015-05-11,2015-05-17,2015,20,May,44,Beverages,49900.0,14,1,0,0,,7
2015-05-11,2015-05-17,2015,20,May,44,Dairy,18550.0,17,1,0,0,,7
2015-05-11,2015-05-17,2015,20,May,44,Bread/Bakery,9439.16,14,1,0,0,,7
2015-05-18,2015-05-24,2015,21,May,44,Beverages,45643.0,11,1,1,1,Batalla de Pichincha (Holiday),7
2015-05-18,2015-05-24,2015,21,May,44,Dairy,17997.0,11,1,1,1,Batalla de Pichincha (Holiday),7
2015-05-18,2015-05-24,2015,21,May,44,Bread/Bakery,8894.05,7,1,1,1,Batalla de Pichincha (Holiday),7
2015-05-25,2015-05-31,2015,22,May,44,Beverages,68792.0,14,1,0,0,,7
2015-05-25,2015-05-31,2015,22,May,44,Dairy,18785.0,12,1,0,0,,7
2015-05-25,2015-05-31,2015,22,May,44,Bread/Bakery,9446.14,3,1,0,0,,7
2015-06-01,2015-06-07,2015,23,Jun,44,Beverages,69526.0,24,1,0,0,,7
2015-06-01,2015-06-07,2015,23,Jun,44,Dairy,18609.0,15,1,0,0,,7
2015-06-01,2015-06-07,2015,23,Jun,44,Bread/Bakery,9182.13,4,1,0,0,,7
2015-06-08,2015-06-14,2015,24,Jun,44,Beverages,63872.0,21,1,0,0,,7
2015-06-08,2015-06-14,2015,24,Jun,44,Dairy,17847.0,17,1,0,0,,7
2015-06-08,2015-06-14,2015,24,Jun,44,Bread/Bakery,8922.35,9,1,0,0,,7
2015-06-15,2015-06-21,2015,25,Jun,44,Beverages,63827.0,23,1,0,0,,7
2015-06-15,2015-06-21,2015,25,Jun,44,Dairy,18423.0,26,1,0,0,,7
2015-06-15,2015-06-21,2015,25,Jun,44,Bread/Bakery,8643.35,7,1,0,0,,7
2015-06-22,2015-06-28,2015,26,Jun,44,Beverages,66490.0,27,1,0,0,,7
2015-06-22,2015-06-28,2015,26,Jun,44,Dairy,18908.0,31,1,0,0,,7
2015-06-22,2015-06-28,2015,26,Jun,44,Bread/Bakery,9058.1,9,1,0,0,,7
2015-06-29,2015-07-05,2015,27,Jun,44,Beverages,68744.0,18,1,0,0,,7
2015-06-29,2015-07-05,2015,27,Jun,44,Dairy,18427.0,13,1,0,0,,7
2015-06-29,2015-07-05,2015,27,Jun,44,Bread/Bakery,9243.67,0,0,0,0,,7
2015-07-06,2015-07-12,2015,28,Jul,44,Beverages,57833.0,27,1,0,0,,7
2015-07-06,2015-07-12,2015,28,Jul,44,Dairy,16878.0,5,1,0,0,,7
2015-07-06,2015-07-12,2015,28,Jul,44,Bread/Bakery,8595.65,1,1,0,0,,7
2015-07-13,2015-07-19,2015,29,Jul,44,Beverages,64003.0,23,1,0,0,,7
2015-07-13,2015-07-19,2015,29,Jul,44,Dairy,18098.0,6,1,0,0,,7
2015-07-13,2015-07-19,2015,29,Jul,44,Bread/Bakery,8953.0,10,1,0,0,,7
2015-07-20,2015-07-26,2015,30,Jul,44,Beverages,58781.0,70,1,0,0,,7
2015-07-20,2015-07-26,2015,30,Jul,44,Dairy,17272.0,6,1,0,0,,7
2015-07-20,2015-07-26,2015,30,Jul,44,Bread/Bakery,8784.14,15,1,0,0,,7
2015-07-27,2015-08-02,2015,31,Jul,44,Beverages,61892.0,60,1,0,0,,7
2015-07-27,2015-08-02,2015,31,Jul,44,Dairy,18217.0,17,1,0,0,,7
2015-07-27,2015-08-02,2015,31,Jul,44,Bread/Bakery,8967.02,14,1,0,0,,7
2015-08-03,2015-08-09,2015,32,Aug,44,Beverages,58923.0,39,1,0,0,,7
2015-08-03,2015-08-09,2015,32,Aug,44,Dairy,17178.0,18,1,0,0,,7
2015-08-03,2015-08-09,2015,32,Aug,44,Bread/Bakery,8255.77,19,1,0,0,,7
2015-08-10,2015-08-16,2015,33,Aug,44,Beverages,77135.0,37,1,1,1,Primer Grito de Independencia (Holiday),7
2015-08-10,2015-08-16,2015,33,Aug,44,Dairy,19002.0,13,1,1,1,Primer Grito de Independencia (Holiday),7
2015-08-10,2015-08-16,2015,33,Aug,44,Bread/Bakery,9697.53,19,1,1,1,Primer Grito de Independencia (Holiday),7
2015-08-17,2015-08-23,2015,34,Aug,44,Beverages,63912.0,47,1,0,0,,7
2015-08-17,2015-08-23,2015,34,Aug,44,Dairy,17111.0,12,1,0,0,,7
2015-08-17,2015-08-23,2015,34,Aug,44,Bread/Bakery,8711.53,17,1,0,0,,7
2015-08-24,2015-08-30,2015,35,Aug,44,Beverages,69694.0,63,1,0,0,,7
2015-08-24,2015-08-30,2015,35,Aug,44,Dairy,19020.0,4,1,0,0,,7
2015-08-24,2015-08-30,2015,35,Aug,44,Bread/Bakery,9000.53,15,1,0,0,,7
2015-08-31,2015-09-06,2015,36,Aug,44,Beverages,90597.0,44,1,0,0,,7
2015-08-31,2015-09-06,2015,36,Aug,44,Dairy,21222.0,21,1,0,0,,7
2015-08-31,2015-09-06,2015,36,Aug,44,Bread/Bakery,11071.39,13,1,0,0,,7
2015-09-07,2015-09-13,2015,37,Sep,44,Beverages,76343.0,64,1,0,0,,7
2015-09-07,2015-09-13,2015,37,Sep,44,Dairy,18042.0,23,1,0,0,,7
2015-09-07,2015-09-13,2015,37,Sep,44,Bread/Bakery,9659.24,14,1,0,0,,7
2015-09-14,2015-09-20,2015,38,Sep,44,Beverages,76825.0,88,1,0,0,,7
2015-09-14,2015-09-20,2015,38,Sep,44,Dairy,17913.0,16,1,0,0,,7
2015-09-14,2015-09-20,2015,38,Sep,44,Bread/Bakery,9625.94,7,1,0,0,,7
2015-09-21,2015-09-27,2015,39,Sep,44,Beverages,76257.0,88,1,0,0,,7
2015-09-21,2015-09-27,2015,39,Sep,44,Dairy,17558.0,16,1,0,0,,7
2015-09-21,2015-09-27,2015,39,Sep,44,Bread/Bakery,9844.39,7,1,0,0,,7
2015-09-28,2015-10-04,2015,40,Sep,44,Beverages,86247.0,60,1,0,0,,7
2015-09-28,2015-10-04,2015,40,Sep,44,Dairy,21190.0,12,1,0,0,,7
2015-09-28,2015-10-04,2015,40,Sep,44,Bread/Bakery,10340.15,15,1,0,0,,7
2015-10-05,2015-10-11,2015,41,Oct,44,Beverages,73891.0,41,1,1,1,Independencia de Guayaquil (Holiday),7
2015-10-05,2015-10-11,2015,41,Oct,44,Dairy,19216.0,9,1,1,1,Independencia de Guayaquil (Holiday),7
2015-10-05,2015-10-11,2015,41,Oct,44,Bread/Bakery,9248.2,14,1,1,1,Independencia de Guayaquil (Holiday),7
2015-10-12,2015-10-18,2015,42,Oct,44,Beverages,68314.0,43,1,0,0,,7
2015-10-12,2015-10-18,2015,42,Oct,44,Dairy,19233.0,31,1,0,0,,7
2015-10-12,2015-10-18,2015,42,Oct,44,Bread/Bakery,9366.94,7,1,0,0,,7
2015-10-19,2015-10-25,2015,43,Oct,44,Beverages,68379.0,28,1,0,0,,7
2015-10-19,2015-10-25,2015,43,Oct,44,Dairy,18903.0,11,1,0,0,,7
2015-10-19,2015-10-25,2015,43,Oct,44,Bread/Bakery,9246.97,2,1,0,0,,7
2015-10-26,2015-11-01,2015,44,Oct,44,Beverages,54168.0,96,1,0,0,,7
2015-10-26,2015-11-01,2015,44,Oct,44,Dairy,16265.0,4,1,0,0,,7
2015-10-26,2015-11-01,2015,44,Oct,44,Bread/Bakery,7601.08,1,1,0,0,,7
2015-11-02,2015-11-08,2015,45,Nov,44,Beverages,76106.0,176,1,1,2,Dia de Difuntos (Holiday); Independencia de Cuenca (Holiday),7
2015-11-02,2015-11-08,2015,45,Nov,44,Dairy,21705.0,8,1,1,2,Dia de Difuntos (Holiday); Independencia de Cuenca (Holiday),7
2015-11-02,2015-11-08,2015,45,Nov,44,Bread/Bakery,10654.98,0,0,1,2,Dia de Difuntos (Holiday); Independencia de Cuenca (Holiday),7
2015-11-09,2015-11-15,2015,46,Nov,44,Beverages,65311.0,180,1,0,0,,7
2015-11-09,2015-11-15,2015,46,Nov,44,Dairy,18547.0,12,1,0,0,,7
2015-11-09,2015-11-15,2015,46,Nov,44,Bread/Bakery,8906.92,1,1,0,0,,7
2015-11-16,2015-11-22,2015,47,Nov,44,Beverages,67711.0,206,1,0,0,,7
2015-11-16,2015-11-22,2015,47,Nov,44,Dairy,19875.0,29,1,0,0,,7
2015-11-16,2015-11-22,2015,47,Nov,44,Bread/Bakery,9868.23,6,1,0,0,,7
2015-11-23,2015-11-29,2015,48,Nov,44,Beverages,66704.0,204,1,1,1,Black Friday (Event),7
2015-11-23,2015-11-29,2015,48,Nov,44,Dairy,19786.0,31,1,1,1,Black Friday (Event),7
2015-11-23,2015-11-29,2015,48,Nov,44,Bread/Bakery,9281.82,2,1,1,1,Black Friday (Event),7
2015-11-30,2015-12-06,2015,49,Nov,44,Beverages,69607.0,194,1,1,3,Cyber Monday (Event); Fundacion de Quito-1 (Additional); Fundacion de Quito (Holiday),7
2015-11-30,2015-12-06,2015,49,Nov,44,Dairy,19337.0,33,1,1,3,Cyber Monday (Event); Fundacion de Quito-1 (Additional); Fundacion de Quito (Holiday),7
2015-11-30,2015-12-06,2015,49,Nov,44,Bread/Bakery,9087.18,1,1,1,3,Cyber Monday (Event); Fundacion de Quito-1 (Additional); Fundacion de Quito (Holiday),7
2015-12-07,2015-12-13,2015,50,Dec,44,Beverages,70490.0,203,1,0,0,,7
2015-12-07,2015-12-13,2015,50,Dec,44,Dairy,20634.0,30,1,0,0,,7
2015-12-07,2015-12-13,2015,50,Dec,44,Bread/Bakery,9115.88,2,1,0,0,,7
2015-12-14,2015-12-20,2015,51,Dec,44,Beverages,67590.0,245,1,0,0,,7
2015-12-14,2015-12-20,2015,51,Dec,44,Dairy,21399.0,37,1,0,0,,7
2015-12-14,2015-12-20,2015,51,Dec,44,Bread/Bakery,9082.2,2,1,0,0,,7
2015-12-21,2015-12-27,2015,52,Dec,44,Beverages,60053.0,190,1,1,6,Navidad-4 (Additional); Navidad-3 (Additional); Navidad-2 (Additional); Navidad-1 (Additional); Navidad (Holiday); Navidad+1 (Additional),6
2015-12-21,2015-12-27,2015,52,Dec,44,Dairy,17900.0,22,1,1,6,Navidad-4 (Additional); Navidad-3 (Additional); Navidad-2 (Additional); Navidad-1 (Additional); Navidad (Holiday); Navidad+1 (Additional),6
2015-12-21,2015-12-27,2015,52,Dec,44,Bread/Bakery,6904.69,1,1,1,6,Navidad-4 (Additional); Navidad-3 (Additional); Navidad-2 (Additional); Navidad-1 (Additional); Navidad (Holiday); Navidad+1 (Additional),6
2015-12-28,2016-01-03,2015,53,Dec,44,Beverages,69107.0,100,1,1,2,Primer dia del ano-1 (Additional); Primer dia del ano (Holiday),7
2015-12-28,2016-01-03,2015,53,Dec,44,Dairy,17951.0,69,1,1,2,Primer dia del ano-1 (Additional); Primer dia del ano (Holiday),7
2015-12-28,2016-01-03,2015,53,Dec,44,Bread/Bakery,8198.27,1,1,1,2,Primer dia del ano-1 (Additional); Primer dia del ano (Holiday),7
2016-01-04,2016-01-10,2016,1,Jan,44,Beverages,78164.0,32,1,0,0,,7
2016-01-04,2016-01-10,2016,1,Jan,44,Dairy,22530.0,136,1,0,0,,7
2016-01-04,2016-01-10,2016,1,Jan,44,Bread/Bakery,10367.36,5,1,0,0,,7
2016-01-11,2016-01-17,2016,2,Jan,44,Beverages,68741.0,30,1,0,0,,7
2016-01-11,2016-01-17,2016,2,Jan,44,Dairy,20074.0,123,1,0,0,,7
2016-01-11,2016-01-17,2016,2,Jan,44,Bread/Bakery,9239.9,7,1,0,0,,7
2016-01-18,2016-01-24,2016,3,Jan,44,Beverages,64843.0,30,1,0,0,,7
2016-01-18,2016-01-24,2016,3,Jan,44,Dairy,19684.0,73,1,0,0,,7
2016-01-18,2016-01-24,2016,3,Jan,44,Bread/Bakery,8924.29,4,1,0,0,,7
2016-01-25,2016-01-31,2016,4,Jan,44,Beverages,64934.0,136,1,0,0,,7
2016-01-25,2016-01-31,2016,4,Jan,44,Dairy,19592.0,3,1,0,0,,7
2016-01-25,2016-01-31,2016,4,Jan,44,Bread/Bakery,9208.68,2,1,0,0,,7
2016-02-01,2016-02-07,2016,5,Feb,44,Beverages,59305.0,256,1,0,0,,7
2016-02-01,2016-02-07,2016,5,Feb,44,Dairy,17452.0,3,1,0,0,,7
2016-02-01,2016-02-07,2016,5,Feb,44,Bread/Bakery,8253.73,3,1,0,0,,7
2016-02-08,2016-02-14,2016,6,Feb,44,Beverages,67092.0,289,1,1,2,Carnaval (Holiday),7
2016-02-08,2016-02-14,2016,6,Feb,44,Dairy,20279.0,3,1,1,2,Carnaval (Holiday),7
2016-02-08,2016-02-14,2016,6,Feb,44,Bread/Bakery,9664.28,2,1,1,2,Carnaval (Holiday),7
2016-02-15,2016-02-21,2016,7,Feb,44,Beverages,67545.0,104,1,0,0,,7
2016-02-15,2016-02-21,2016,7,Feb,44,Dairy,20099.0,3,1,0,0,,7
2016-02-15,2016-02-21,2016,7,Feb,44,Bread/Bakery,9813.2,2,1,0,0,,7
2016-02-22,2016-02-28,2016,8,Feb,44,Beverages,65499.0,237,1,0,0,,7
2016-02-22,2016-02-28,2016,8,Feb,44,Dairy,19419.0,15,1,0,0,,7
2016-02-22,2016-02-28,2016,8,Feb,44,Bread/Bakery,9516.48,14,1,0,0,,7
2016-02-29,2016-03-06,2016,9,Feb,44,Beverages,72084.0,134,1,0,0,,7
2016-02-29,2016-03-06,2016,9,Feb,44,Dairy,21835.0,69,1,0,0,,7
2016-02-29,2016-03-06,2016,9,Feb,44,Bread/Bakery,11808.93,15,1,0,0,,7
2016-03-07,2016-03-13,2016,10,Mar,44,Beverages,64051.0,103,1,0,0,,7
2016-03-07,2016-03-13,2016,10,Mar,44,Dairy,20473.0,131,1,0,0,,7
2016-03-07,2016-03-13,2016,10,Mar,44,Bread/Bakery,10698.13,14,1,0,0,,7
2016-03-14,2016-03-20,2016,11,Mar,44,Beverages,64668.0,103,1,0,0,,7
2016-03-14,2016-03-20,2016,11,Mar,44,Dairy,19860.0,128,1,0,0,,7
2016-03-14,2016-03-20,2016,11,Mar,44,Bread/Bakery,10656.86,14,1,0,0,,7
2016-03-21,2016-03-27,2016,12,Mar,44,Beverages,60811.0,70,1,1,1,Viernes Santo (Holiday),7
2016-03-21,2016-03-27,2016,12,Mar,44,Dairy,17910.0,53,1,1,1,Viernes Santo (Holiday),7
2016-03-21,2016-03-27,2016,12,Mar,44,Bread/Bakery,9370.16,11,1,1,1,Viernes Santo (Holiday),7
2016-03-28,2016-04-03,2016,13,Mar,44,Beverages,70867.0,47,1,0,0,,7
2016-03-28,2016-04-03,2016,13,Mar,44,Dairy,21711.0,6,1,0,0,,7
2016-03-28,2016-04-03,2016,13,Mar,44,Bread/Bakery,11940.54,16,1,0,0,,7
2016-04-04,2016-04-10,2016,14,Apr,44,Beverages,67942.0,260,1,0,0,,7
2016-04-04,2016-04-10,2016,14,Apr,44,Dairy,19730.0,9,1,0,0,,7
2016-04-04,2016-04-10,2016,14,Apr,44,Bread/Bakery,10517.04,10,1,0,0,,7
2016-04-11,2016-04-17,2016,15,Apr,44,Beverages,72273.0,232,1,1,2,Terremoto Manabi (Event); Terremoto Manabi+1 (Event),7
2016-04-11,2016-04-17,2016,15,Apr,44,Dairy,19285.0,15,1,1,2,Terremoto Manabi (Event); Terremoto Manabi+1 (Event),7
2016-04-11,2016-04-17,2016,15,Apr,44,Bread/Bakery,10343.26,6,1,1,2,Terremoto Manabi (Event); Terremoto Manabi+1 (Event),7
2016-04-18,2016-04-24,2016,16,Apr,44,Beverages,122530.0,154,1,1,7,Terremoto Manabi+2 (Event); Terremoto Manabi+3 (Event); Terremoto Manabi+4 (Event); Terremoto Manabi+5 (Event); Terremoto Manabi+6 (Event); Terremoto Manabi+7 (Event); Terremoto Manabi+8 (Event),7
2016-04-18,2016-04-24,2016,16,Apr,44,Dairy,19584.0,204,1,1,7,Terremoto Manabi+2 (Event); Terremoto Manabi+3 (Event); Terremoto Manabi+4 (Event); Terremoto Manabi+5 (Event); Terremoto Manabi+6 (Event); Terremoto Manabi+7 (Event); Terremoto Manabi+8 (Event),7
2016-04-18,2016-04-24,2016,16,Apr,44,Bread/Bakery,12642.53,6,1,1,7,Terremoto Manabi+2 (Event); Terremoto Manabi+3 (Event); Terremoto Manabi+4 (Event); Terremoto Manabi+5 (Event); Terremoto Manabi+6 (Event); Terremoto Manabi+7 (Event); Terremoto Manabi+8 (Event),7
2016-04-25,2016-05-01,2016,17,Apr,44,Beverages,74282.0,207,1,1,8,Terremoto Manabi+9 (Event); Terremoto Manabi+10 (Event); Terremoto Manabi+11 (Event); Terremoto Manabi+12 (Event); Terremoto Manabi+13 (Event); Terremoto Manabi+14 (Event); Dia del Trabajo (Holiday); Terremoto Manabi+15 (Event),7
2016-04-25,2016-05-01,2016,17,Apr,44,Dairy,19894.0,279,1,1,8,Terremoto Manabi+9 (Event); Terremoto Manabi+10 (Event); Terremoto Manabi+11 (Event); Terremoto Manabi+12 (Event); Terremoto Manabi+13 (Event); Terremoto Manabi+14 (Event); Dia del Trabajo (Holiday); Terremoto Manabi+15 (Event),7
2016-04-25,2016-05-01,2016,17,Apr,44,Bread/Bakery,11432.35,12,1,1,8,Terremoto Manabi+9 (Event); Terremoto Manabi+10 (Event); Terremoto Manabi+11 (Event); Terremoto Manabi+12 (Event); Terremoto Manabi+13 (Event); Terremoto Manabi+14 (Event); Dia del Trabajo (Holiday); Terremoto Manabi+15 (Event),7
2016-05-02,2016-05-08,2016,18,May,44,Beverages,65776.0,115,1,1,9,Terremoto Manabi+16 (Event); Terremoto Manabi+17 (Event); Terremoto Manabi+18 (Event); Terremoto Manabi+19 (Event); Terremoto Manabi+20 (Event); Dia de la Madre-1 (Additional); Terremoto Manabi+21 (Event); Terremoto Manabi+22 (Event); Dia de la Madre (Event),7
2016-05-02,2016-05-08,2016,18,May,44,Dairy,20459.0,36,1,1,9,Terremoto Manabi+16 (Event); Terremoto Manabi+17 (Event); Terremoto Manabi+18 (Event); Terremoto Manabi+19 (Event); Terremoto Manabi+20 (Event); Dia de la Madre-1 (Additional); Terremoto Manabi+21 (Event); Terremoto Manabi+22 (Event); Dia de la Madre (Event),7
2016-05-02,2016-05-08,2016,18,May,44,Bread/Bakery,10827.49,195,1,1,9,Terremoto Manabi+16 (Event); Terremoto Manabi+17 (Event); Terremoto Manabi+18 (Event); Terremoto Manabi+19 (Event); Terremoto Manabi+20 (Event); Dia de la Madre-1 (Additional); Terremoto Manabi+21 (Event); Terremoto Manabi+22 (Event); Dia de la Madre (Event),7
2016-05-09,2016-05-15,2016,19,May,44,Beverages,64016.0,127,1,1,7,Terremoto Manabi+23 (Event); Terremoto Manabi+24 (Event); Terremoto Manabi+25 (Event); Terremoto Manabi+26 (Event); Terremoto Manabi+27 (Event); Terremoto Manabi+28 (Event); Terremoto Manabi+29 (Event),7
2016-05-09,2016-05-15,2016,19,May,44,Dairy,20190.0,49,1,1,7,Terremoto Manabi+23 (Event); Terremoto Manabi+24 (Event); Terremoto Manabi+25 (Event); Terremoto Manabi+26 (Event); Terremoto Manabi+27 (Event); Terremoto Manabi+28 (Event); Terremoto Manabi+29 (Event),7
2016-05-09,2016-05-15,2016,19,May,44,Bread/Bakery,11688.34,135,1,1,7,Terremoto Manabi+23 (Event); Terremoto Manabi+24 (Event); Terremoto Manabi+25 (Event); Terremoto Manabi+26 (Event); Terremoto Manabi+27 (Event); Terremoto Manabi+28 (Event); Terremoto Manabi+29 (Event),7
2016-05-16,2016-05-22,2016,20,May,44,Beverages,63851.0,93,1,1,1,Terremoto Manabi+30 (Event),7
2016-05-16,2016-05-22,2016,20,May,44,Dairy,19231.0,27,1,1,1,Terremoto Manabi+30 (Event),7
2016-05-16,2016-05-22,2016,20,May,44,Bread/Bakery,11146.49,110,1,1,1,Terremoto Manabi+30 (Event),7
2016-05-23,2016-05-29,2016,21,May,44,Beverages,61663.0,267,1,1,1,Traslado Batalla de Pichincha (Transfer),7
2016-05-23,2016-05-29,2016,21,May,44,Dairy,19177.0,28,1,1,1,Traslado Batalla de Pichincha (Transfer),7
2016-05-23,2016-05-29,2016,21,May,44,Bread/Bakery,11573.94,123,1,1,1,Traslado Batalla de Pichincha (Transfer),7
2016-05-30,2016-06-05,2016,22,May,44,Beverages,68772.0,369,1,0,0,,7
2016-05-30,2016-06-05,2016,22,May,44,Dairy,21055.0,23,1,0,0,,7
2016-05-30,2016-06-05,2016,22,May,44,Bread/Bakery,12630.82,75,1,0,0,,7
2016-06-06,2016-06-12,2016,23,Jun,44,Beverages,59728.0,360,1,0,0,,7
2016-06-06,2016-06-12,2016,23,Jun,44,Dairy,17946.0,35,1,0,0,,7
2016-06-06,2016-06-12,2016,23,Jun,44,Bread/Bakery,11020.89,15,1,0,0,,7
2016-06-13,2016-06-19,2016,24,Jun,44,Beverages,60904.0,336,1,0,0,,7
2016-06-13,2016-06-19,2016,24,Jun,44,Dairy,19267.0,36,1,0,0,,7
2016-06-13,2016-06-19,2016,24,Jun,44,Bread/Bakery,10922.73,19,1,0,0,,7
2016-06-20,2016-06-26,2016,25,Jun,44,Beverages,59622.0,172,1,0,0,,7
2016-06-20,2016-06-26,2016,25,Jun,44,Dairy,18221.0,77,1,0,0,,7
2016-06-20,2016-06-26,2016,25,Jun,44,Bread/Bakery,11062.56,26,1,0,0,,7
2016-06-27,2016-07-03,2016,26,Jun,44,Beverages,66040.0,74,1,0,0,,7
2016-06-27,2016-07-03,2016,26,Jun,44,Dairy,19347.0,74,1,0,0,,7
2016-06-27,2016-07-03,2016,26,Jun,44,Bread/Bakery,11394.83,15,1,0,0,,7
2016-07-04,2016-07-10,2016,27,Jul,44,Beverages,63208.0,163,1,0,0,,7
2016-07-04,2016-07-10,2016,27,Jul,44,Dairy,18473.0,270,1,0,0,,7
2016-07-04,2016-07-10,2016,27,Jul,44,Bread/Bakery,10879.27,66,1,0,0,,7
2016-07-11,2016-07-17,2016,28,Jul,44,Beverages,64162.0,127,1,0,0,,7
2016-07-11,2016-07-17,2016,28,Jul,44,Dairy,18444.0,158,1,0,0,,7
2016-07-11,2016-07-17,2016,28,Jul,44,Bread/Bakery,10708.39,41,1,0,0,,7
2016-07-18,2016-07-24,2016,29,Jul,44,Beverages,59106.0,94,1,0,0,,7
2016-07-18,2016-07-24,2016,29,Jul,44,Dairy,16907.0,86,1,0,0,,7
2016-07-18,2016-07-24,2016,29,Jul,44,Bread/Bakery,10388.03,9,1,0,0,,7
2016-07-25,2016-07-31,2016,30,Jul,44,Beverages,59480.0,82,1,0,0,,7
2016-07-25,2016-07-31,2016,30,Jul,44,Dairy,17366.0,57,1,0,0,,7
2016-07-25,2016-07-31,2016,30,Jul,44,Bread/Bakery,10675.53,8,1,0,0,,7
2016-08-01,2016-08-07,2016,31,Aug,44,Beverages,64462.0,275,1,0,0,,7
2016-08-01,2016-08-07,2016,31,Aug,44,Dairy,18526.0,55,1,0,0,,7
2016-08-01,2016-08-07,2016,31,Aug,44,Bread/Bakery,11348.62,42,1,0,0,,7
2016-08-08,2016-08-14,2016,32,Aug,44,Beverages,59579.0,364,1,1,1,Traslado Primer Grito de Independencia (Transfer),7
2016-08-08,2016-08-14,2016,32,Aug,44,Dairy,15931.0,71,1,1,1,Traslado Primer Grito de Independencia (Transfer),7
2016-08-08,2016-08-14,2016,32,Aug,44,Bread/Bakery,10139.16,57,1,1,1,Traslado Primer Grito de Independencia (Transfer),7
2016-08-15,2016-08-21,2016,33,Aug,44,Beverages,65777.0,441,1,0,0,,7
2016-08-15,2016-08-21,2016,33,Aug,44,Dairy,18492.0,116,1,0,0,,7
2016-08-15,2016-08-21,2016,33,Aug,44,Bread/Bakery,11357.8,65,1,0,0,,7
2016-08-22,2016-08-28,2016,34,Aug,44,Beverages,64419.0,285,1,0,0,,7
2016-08-22,2016-08-28,2016,34,Aug,44,Dairy,17972.0,101,1,0,0,,7
2016-08-22,2016-08-28,2016,34,Aug,44,Bread/Bakery,11234.6,29,1,0,0,,7
2016-08-29,2016-09-04,2016,35,Aug,44,Beverages,73163.0,160,1,0,0,,7
2016-08-29,2016-09-04,2016,35,Aug,44,Dairy,20065.0,73,1,0,0,,7
2016-08-29,2016-09-04,2016,35,Aug,44,Bread/Bakery,12133.29,54,1,0,0,,7
2016-09-05,2016-09-11,2016,36,Sep,44,Beverages,72812.0,145,1,0,0,,7
2016-09-05,2016-09-11,2016,36,Sep,44,Dairy,20259.0,66,1,0,0,,7
2016-09-05,2016-09-11,2016,36,Sep,44,Bread/Bakery,12641.88,79,1,0,0,,7
2016-09-12,2016-09-18,2016,37,Sep,44,Beverages,68319.0,287,1,0,0,,7
2016-09-12,2016-09-18,2016,37,Sep,44,Dairy,19242.0,43,1,0,0,,7
2016-09-12,2016-09-18,2016,37,Sep,44,Bread/Bakery,11927.12,79,1,0,0,,7
2016-09-19,2016-09-25,2016,38,Sep,44,Beverages,68055.0,476,1,0,0,,7
2016-09-19,2016-09-25,2016,38,Sep,44,Dairy,18696.0,44,1,0,0,,7
2016-09-19,2016-09-25,2016,38,Sep,44,Bread/Bakery,11417.05,73,1,0,0,,7
2016-09-26,2016-10-02,2016,39,Sep,44,Beverages,81335.0,482,1,0,0,,7
2016-09-26,2016-10-02,2016,39,Sep,44,Dairy,21407.0,53,1,0,0,,7
2016-09-26,2016-10-02,2016,39,Sep,44,Bread/Bakery,12836.13,51,1,0,0,,7
2016-10-03,2016-10-09,2016,40,Oct,44,Beverages,74100.0,256,1,1,1,Independencia de Guayaquil (Holiday),7
2016-10-03,2016-10-09,2016,40,Oct,44,Dairy,20595.0,83,1,1,1,Independencia de Guayaquil (Holiday),7
2016-10-03,2016-10-09,2016,40,Oct,44,Bread/Bakery,12675.08,2,1,1,1,Independencia de Guayaquil (Holiday),7
2016-10-10,2016-10-16,2016,41,Oct,44,Beverages,73858.0,114,1,0,0,,7
2016-10-10,2016-10-16,2016,41,Oct,44,Dairy,20088.0,106,1,0,0,,7
2016-10-10,2016-10-16,2016,41,Oct,44,Bread/Bakery,11903.13,1,1,0,0,,7
2016-10-17,2016-10-23,2016,42,Oct,44,Beverages,69175.0,145,1,0,0,,7
2016-10-17,2016-10-23,2016,42,Oct,44,Dairy,18727.0,80,1,0,0,,7
2016-10-17,2016-10-23,2016,42,Oct,44,Bread/Bakery,11438.44,8,1,0,0,,7
2016-10-24,2016-10-30,2016,43,Oct,44,Beverages,68139.0,337,1,0,0,,7
2016-10-24,2016-10-30,2016,43,Oct,44,Dairy,18262.0,149,1,0,0,,7
2016-10-24,2016-10-30,2016,43,Oct,44,Bread/Bakery,11162.13,33,1,0,0,,7
2016-10-31,2016-11-06,2016,44,Oct,44,Beverages,88860.0,405,1,1,3,Dia de Difuntos (Holiday); Independencia de Cuenca (Holiday); Puente Dia de Difuntos (Bridge),7
2016-10-31,2016-11-06,2016,44,Oct,44,Dairy,21732.0,199,1,1,3,Dia de Difuntos (Holiday); Independencia de Cuenca (Holiday); Puente Dia de Difuntos (Bridge),7
2016-10-31,2016-11-06,2016,44,Oct,44,Bread/Bakery,14272.14,49,1,1,3,Dia de Difuntos (Holiday); Independencia de Cuenca (Holiday); Puente Dia de Difuntos (Bridge),7
2016-11-07,2016-11-13,2016,45,Nov,44,Beverages,84769.0,368,1,1,1,Recupero Puente Dia de Difuntos (Work Day),7
2016-11-07,2016-11-13,2016,45,Nov,44,Dairy,21828.0,214,1,1,1,Recupero Puente Dia de Difuntos (Work Day),7
2016-11-07,2016-11-13,2016,45,Nov,44,Bread/Bakery,14258.3,51,1,1,1,Recupero Puente Dia de Difuntos (Work Day),7
2016-11-14,2016-11-20,2016,46,Nov,44,Beverages,79117.0,397,1,0,0,,7
2016-11-14,2016-11-20,2016,46,Nov,44,Dairy,21425.0,201,1,0,0,,7
2016-11-14,2016-11-20,2016,46,Nov,44,Bread/Bakery,13204.59,36,1,0,0,,7
2016-11-21,2016-11-27,2016,47,Nov,44,Beverages,77929.0,504,1,1,1,Black Friday (Event),7
2016-11-21,2016-11-27,2016,47,Nov,44,Dairy,21484.0,180,1,1,1,Black Friday (Event),7
2016-11-21,2016-11-27,2016,47,Nov,44,Bread/Bakery,12211.21,36,1,1,1,Black Friday (Event),7
2016-11-28,2016-12-04,2016,48,Nov,44,Beverages,80587.0,535,1,1,1,Cyber Monday (Event),7
2016-11-28,2016-12-04,2016,48,Nov,44,Dairy,20822.0,179,1,1,1,Cyber Monday (Event),7
2016-11-28,2016-12-04,2016,48,Nov,44,Bread/Bakery,12608.41,43,1,1,1,Cyber Monday (Event),7
2016-12-05,2016-12-11,2016,49,Dec,44,Beverages,83529.0,616,1,1,2,Fundacion de Quito-1 (Additional); Fundacion de Quito (Holiday),7
2016-12-05,2016-12-11,2016,49,Dec,44,Dairy,22356.0,185,1,1,2,Fundacion de Quito-1 (Additional); Fundacion de Quito (Holiday),7
2016-12-05,2016-12-11,2016,49,Dec,44,Bread/Bakery,12116.96,35,1,1,2,Fundacion de Quito-1 (Additional); Fundacion de Quito (Holiday),7
2016-12-12,2016-12-18,2016,50,Dec,44,Beverages,75122.0,594,1,0,0,,7
2016-12-12,2016-12-18,2016,50,Dec,44,Dairy,22076.0,182,1,0,0,,7
2016-12-12,2016-12-18,2016,50,Dec,44,Bread/Bakery,11730.5,21,1,0,0,,7
2016-12-19,2016-12-25,2016,51,Dec,44,Beverages,61977.0,503,1,1,5,Navidad-4 (Additional); Navidad-3 (Additional); Navidad-2 (Additional); Navidad-1 (Additional); Navidad (Holiday),6
2016-12-19,2016-12-25,2016,51,Dec,44,Dairy,20515.0,180,1,1,5,Navidad-4 (Additional); Navidad-3 (Additional); Navidad-2 (Additional); Navidad-1 (Additional); Navidad (Holiday),6
2016-12-19,2016-12-25,2016,51,Dec,44,Bread/Bakery,8973.25,18,1,1,5,Navidad-4 (Additional); Navidad-3 (Additional); Navidad-2 (Additional); Navidad-1 (Additional); Navidad (Holiday),6
2016-12-26,2017-01-01,2016,52,Dec,44,Beverages,66852.0,488,1,1,2,Navidad+1 (Additional); Primer dia del ano-1 (Additional),7
2016-12-26,2017-01-01,2016,52,Dec,44,Dairy,18491.0,205,1,1,2,Navidad+1 (Additional); Primer dia del ano-1 (Additional),7
2016-12-26,2017-01-01,2016,52,Dec,44,Bread/Bakery,8866.39,27,1,1,2,Navidad+1 (Additional); Primer dia del ano-1 (Additional),7
2017-01-02,2017-01-08,2017,1,Jan,44,Beverages,102047.0,362,1,1,1,Traslado Primer dia del ano (Transfer),7
2017-01-02,2017-01-08,2017,1,Jan,44,Dairy,26420.0,193,1,1,1,Traslado Primer dia del ano (Transfer),7
2017-01-02,2017-01-08,2017,1,Jan,44,Bread/Bakery,14990.48,52,1,1,1,Traslado Primer dia del ano (Transfer),7
2017-01-09,2017-01-15,2017,2,Jan,44,Beverages,86206.0,308,1,0,0,,7
2017-01-09,2017-01-15,2017,2,Jan,44,Dairy,21489.0,204,1,0,0,,7
2017-01-09,2017-01-15,2017,2,Jan,44,Bread/Bakery,13238.35,65,1,0,0,,7
2017-01-16,2017-01-22,2017,3,Jan,44,Beverages,84347.0,323,1,0,0,,7
2017-01-16,2017-01-22,2017,3,Jan,44,Dairy,21066.0,182,1,0,0,,7
2017-01-16,2017-01-22,2017,3,Jan,44,Bread/Bakery,12843.03,55,1,0,0,,7
2017-01-23,2017-01-29,2017,4,Jan,44,Beverages,75260.0,282,1,0,0,,7
2017-01-23,2017-01-29,2017,4,Jan,44,Dairy,20468.0,172,1,0,0,,7
2017-01-23,2017-01-29,2017,4,Jan,44,Bread/Bakery,13221.27,66,1,0,0,,7
2017-01-30,2017-02-05,2017,5,Jan,44,Beverages,78267.0,233,1,0,0,,7
2017-01-30,2017-02-05,2017,5,Jan,44,Dairy,22197.0,149,1,0,0,,7
2017-01-30,2017-02-05,2017,5,Jan,44,Bread/Bakery,14024.14,63,1,0,0,,7
2017-02-06,2017-02-12,2017,6,Feb,44,Beverages,76528.0,175,1,0,0,,7
2017-02-06,2017-02-12,2017,6,Feb,44,Dairy,21348.0,159,1,0,0,,7
2017-02-06,2017-02-12,2017,6,Feb,44,Bread/Bakery,13758.8,87,1,0,0,,7
2017-02-13,2017-02-19,2017,7,Feb,44,Beverages,68987.0,130,1,0,0,,7
2017-02-13,2017-02-19,2017,7,Feb,44,Dairy,20244.0,147,1,0,0,,7
2017-02-13,2017-02-19,2017,7,Feb,44,Bread/Bakery,12193.77,65,1,0,0,,7
2017-02-20,2017-02-26,2017,8,Feb,44,Beverages,61732.0,137,1,0,0,,7
2017-02-20,2017-02-26,2017,8,Feb,44,Dairy,16626.0,121,1,0,0,,7
2017-02-20,2017-02-26,2017,8,Feb,44,Bread/Bakery,10651.48,41,1,0,0,,7
2017-02-27,2017-03-05,2017,9,Feb,44,Beverages,89003.0,151,1,1,2,Carnaval (Holiday),7
2017-02-27,2017-03-05,2017,9,Feb,44,Dairy,23395.0,221,1,1,2,Carnaval (Holiday),7
2017-02-27,2017-03-05,2017,9,Feb,44,Bread/Bakery,13947.0,123,1,1,2,Carnaval (Holiday),7
2017-03-06,2017-03-12,2017,10,Mar,44,Beverages,77995.0,187,1,0,0,,7
2017-03-06,2017-03-12,2017,10,Mar,44,Dairy,20683.0,252,1,0,0,,7
2017-03-06,2017-03-12,2017,10,Mar,44,Bread/Bakery,12281.3,93,1,0,0,,7
2017-03-13,2017-03-19,2017,11,Mar,44,Beverages,84244.0,238,1,0,0,,7
2017-03-13,2017-03-19,2017,11,Mar,44,Dairy,22134.0,289,1,0,0,,7
2017-03-13,2017-03-19,2017,11,Mar,44,Bread/Bakery,13331.12,49,1,0,0,,7
2017-03-20,2017-03-26,2017,12,Mar,44,Beverages,82303.0,193,1,0,0,,7
2017-03-20,2017-03-26,2017,12,Mar,44,Dairy,22136.0,287,1,0,0,,7
2017-03-20,2017-03-26,2017,12,Mar,44,Bread/Bakery,13796.84,36,1,0,0,,7
2017-03-27,2017-04-02,2017,13,Mar,44,Beverages,78739.0,119,1,0,0,,7
2017-03-27,2017-04-02,2017,13,Mar,44,Dairy,21553.0,179,1,0,0,,7
2017-03-27,2017-04-02,2017,13,Mar,44,Bread/Bakery,13210.39,19,1,0,0,,7
2017-04-03,2017-04-09,2017,14,Apr,44,Beverages,69450.0,79,1,0,0,,7
2017-04-03,2017-04-09,2017,14,Apr,44,Dairy,18555.0,47,1,0,0,,7
2017-04-03,2017-04-09,2017,14,Apr,44,Bread/Bakery,11286.78,14,1,0,0,,7
2017-04-10,2017-04-16,2017,15,Apr,44,Beverages,70825.0,175,1,1,1,Viernes Santo (Holiday),7
2017-04-10,2017-04-16,2017,15,Apr,44,Dairy,19250.0,70,1,1,1,Viernes Santo (Holiday),7
2017-04-10,2017-04-16,2017,15,Apr,44,Bread/Bakery,11634.34,39,1,1,1,Viernes Santo (Holiday),7
2017-04-17,2017-04-23,2017,16,Apr,44,Beverages,74231.0,255,1,0,0,,7
2017-04-17,2017-04-23,2017,16,Apr,44,Dairy,20175.0,141,1,0,0,,7
2017-04-17,2017-04-23,2017,16,Apr,44,Bread/Bakery,12241.06,66,1,0,0,,7
2017-04-24,2017-04-30,2017,17,Apr,44,Beverages,73375.0,291,1,0,0,,7
2017-04-24,2017-04-30,2017,17,Apr,44,Dairy,19579.0,200,1,0,0,,7
2017-04-24,2017-04-30,2017,17,Apr,44,Bread/Bakery,12168.53,81,1,0,0,,7
2017-05-01,2017-05-07,2017,18,May,44,Beverages,87567.0,211,1,1,1,Dia del Trabajo (Holiday),7
2017-05-01,2017-05-07,2017,18,May,44,Dairy,23185.0,245,1,1,1,Dia del Trabajo (Holiday),7
2017-05-01,2017-05-07,2017,18,May,44,Bread/Bakery,13711.41,74,1,1,1,Dia del Trabajo (Holiday),7
2017-05-08,2017-05-14,2017,19,May,44,Beverages,67965.0,209,1,1,2,Dia de la Madre-1 (Additional); Dia de la Madre (Event),7
2017-05-08,2017-05-14,2017,19,May,44,Dairy,19895.0,241,1,1,2,Dia de la Madre-1 (Additional); Dia de la Madre (Event),7
2017-05-08,2017-05-14,2017,19,May,44,Bread/Bakery,12806.66,56,1,1,2,Dia de la Madre-1 (Additional); Dia de la Madre (Event),7
2017-05-15,2017-05-21,2017,20,May,44,Beverages,74775.0,220,1,0,0,,7
2017-05-15,2017-05-21,2017,20,May,44,Dairy,19457.0,221,1,0,0,,7
2017-05-15,2017-05-21,2017,20,May,44,Bread/Bakery,13370.1,56,1,0,0,,7
2017-05-22,2017-05-28,2017,21,May,44,Beverages,74313.0,221,1,1,1,Traslado Batalla de Pichincha (Transfer),7
2017-05-22,2017-05-28,2017,21,May,44,Dairy,19178.0,215,1,1,1,Traslado Batalla de Pichincha (Transfer),7
2017-05-22,2017-05-28,2017,21,May,44,Bread/Bakery,12756.68,55,1,1,1,Traslado Batalla de Pichincha (Transfer),7
2017-05-29,2017-06-04,2017,22,May,44,Beverages,84187.0,200,1,0,0,,7
2017-05-29,2017-06-04,2017,22,May,44,Dairy,21135.0,161,1,0,0,,7
2017-05-29,2017-06-04,2017,22,May,44,Bread/Bakery,13154.07,21,1,0,0,,7
2017-06-05,2017-06-11,2017,23,Jun,44,Beverages,82478.0,209,1,0,0,,7
2017-06-05,2017-06-11,2017,23,Jun,44,Dairy,20492.0,231,1,0,0,,7
2017-06-05,2017-06-11,2017,23,Jun,44,Bread/Bakery,12691.34,3,1,0,0,,7
2017-06-12,2017-06-18,2017,24,Jun,44,Beverages,73777.0,188,1,0,0,,7
2017-06-12,2017-06-18,2017,24,Jun,44,Dairy,19708.0,247,1,0,0,,7
2017-06-12,2017-06-18,2017,24,Jun,44,Bread/Bakery,12302.6,4,1,0,0,,7
2017-06-19,2017-06-25,2017,25,Jun,44,Beverages,69778.0,217,1,0,0,,7
2017-06-19,2017-06-25,2017,25,Jun,44,Dairy,19300.0,246,1,0,0,,7
2017-06-19,2017-06-25,2017,25,Jun,44,Bread/Bakery,12705.51,34,1,0,0,,7
2017-06-26,2017-07-02,2017,26,Jun,44,Beverages,73741.0,220,1,0,0,,7
2017-06-26,2017-07-02,2017,26,Jun,44,Dairy,19994.0,207,1,0,0,,7
2017-06-26,2017-07-02,2017,26,Jun,44,Bread/Bakery,13631.17,44,1,0,0,,7
2017-07-03,2017-07-09,2017,27,Jul,44,Beverages,73538.0,285,1,0,0,,7
2017-07-03,2017-07-09,2017,27,Jul,44,Dairy,19843.0,277,1,0,0,,7
2017-07-03,2017-07-09,2017,27,Jul,44,Bread/Bakery,12753.5,49,1,0,0,,7
2017-07-10,2017-07-16,2017,28,Jul,44,Beverages,80513.0,356,1,0,0,,7
2017-07-10,2017-07-16,2017,28,Jul,44,Dairy,17829.0,229,1,0,0,,7
2017-07-10,2017-07-16,2017,28,Jul,44,Bread/Bakery,11911.33,18,1,0,0,,7
2017-07-17,2017-07-23,2017,29,Jul,44,Beverages,74614.0,298,1,0,0,,7
2017-07-17,2017-07-23,2017,29,Jul,44,Dairy,18425.0,152,1,0,0,,7
2017-07-17,2017-07-23,2017,29,Jul,44,Bread/Bakery,11355.86,0,0,0,0,,7
2017-07-24,2017-07-30,2017,30,Jul,44,Beverages,75985.0,214,1,0,0,,7
2017-07-24,2017-07-30,2017,30,Jul,44,Dairy,17502.0,106,1,0,0,,7
2017-07-24,2017-07-30,2017,30,Jul,44,Bread/Bakery,11499.27,0,0,0,0,,7
2017-07-31,2017-08-06,2017,31,Jul,44,Beverages,72513.0,128,1,0,0,,7
2017-07-31,2017-08-06,2017,31,Jul,44,Dairy,18570.0,117,1,0,0,,7
2017-07-31,2017-08-06,2017,31,Jul,44,Bread/Bakery,12084.5,45,1,0,0,,7
2017-08-07,2017-08-13,2017,32,Aug,44,Beverages,60127.0,85,1,1,1,Traslado Primer Grito de Independencia (Transfer),7
2017-08-07,2017-08-13,2017,32,Aug,44,Dairy,15996.0,180,1,1,1,Traslado Primer Grito de Independencia (Transfer),7
2017-08-07,2017-08-13,2017,32,Aug,44,Bread/Bakery,10700.11,75,1,1,1,Traslado Primer Grito de Independencia (Transfer),7
